ID,Nama,Alamat,NomorTelepon,Email
1,Ruy Darbyshire,0 Packers Crossing,+86-831-819-8891,rdarbyshire0@nsw.gov.au
2,Harrison Selway,84 Blaine Point,+1-968-574-3489,hselway1@wikipedia.org
3,Berthe Sutherby,81 Huxley Junction,+374-687-138-9296,bsutherby2@marketwatch.com
4,Norah Zannetti,5 Anthes Junction,+62-536-995-6721,nzannetti3@ucoz.ru
5,Marcellus Stoneham,12127 Corben Drive,+62-425-595-6016,mstoneham4@stanford.edu
6,Germaine Frewer,72275 Autumn Leaf Circle,+354-679-890-8070,gfrewer5@sohu.com
7,Hartley Lafferty,2822 Michigan Pass,+7-568-796-4464,hlafferty6@dmoz.org
8,Tilda Bogey,9 West Plaza,+7-106-225-4504,tbogey7@huffingtonpost.com
9,Shawn Vearncomb,94 Lunder Park,+1-918-455-0810,svearncomb8@buzzfeed.com
10,Bud Hainning,7651 Havey Park,+7-500-361-9647,bhainning9@hibu.com
11,Riccardo Throughton,44 Birchwood Parkway,+47-733-493-2528,rthroughtona@163.com
12,Killian Lyal,7991 Lakewood Parkway,+86-157-286-8119,klyalb@wunderground.com
13,Marlo Burehill,694 Shoshone Alley,+86-134-899-0595,mburehillc@ed.gov
14,Carolus Grinishin,82741 Bay Trail,+48-708-820-1410,cgrinishind@hc360.com
15,Adela Trengrove,5 Mitchell Place,+7-474-269-3234,atrengrovee@canalblog.com
16,Judye John,7 Starling Parkway,+62-505-190-4027,jjohnf@dyndns.org
17,Eran Drayson,5202 Summit Junction,+86-740-278-0195,edraysong@pbs.org
18,Alva McKeney,93307 Cherokee Point,+60-816-527-6465,amckeneyh@imgur.com
19,Seline Dowdle,49156 Carpenter Point,+249-704-612-4557,sdowdlei@360.cn
20,Lee Aldiss,28926 Memorial Park,+48-987-295-9591,laldissj@a8.net
21,Fairleigh Welbrock,44 Parkside Terrace,+62-135-471-0336,fwelbrockk@rakuten.co.jp
22,Bink Vondrys,9522 Oak Valley Place,+7-588-632-6672,bvondrysl@mozilla.org
23,Alistair Stark,76 Annamark Trail,+7-231-690-9489,astarkm@newsvine.com
24,Barrie Marnane,639 Nova Court,+1-813-755-6546,bmarnanen@army.mil
25,Christy Yeude,6 Coolidge Park,+86-991-289-9440,cyeudeo@g.co
26,Jacquetta Kealey,30 Ruskin Road,+27-879-294-0963,jkealeyp@eepurl.com
27,Berti Petzold,7664 Mifflin Road,+48-162-903-5660,bpetzoldq@pbs.org
28,Adi Eversley,77344 Carberry Place,+33-629-680-0802,aeversleyr@pen.io
29,Gilberte McElroy,66 Elka Terrace,+62-887-195-0757,gmcelroys@jugem.jp
30,Corby Arnely,42444 Blue Bill Park Parkway,+62-167-326-2691,carnelyt@reverbnation.com
